Species,Repository,Number,Carapace-plastron_width,Length-height,ecology,Specimen_number,Unique_ID,Carapace_width_height,Hand_webbing,Source
Acanthochelys_spixii,FLMNH,151029,1.58,3.25,aquatic,FLMNH_151029,Acanthochelys_spixii_FLMNH_151029,2.286324786,2,Lichtig_and_Lucas_2017_original_measurement
Acanthochelys_spixii,FLMNH,57430,1.56,2.98,aquatic,FLMNH_57430,Acanthochelys_spixii_FLMNH_57430,2.120430108,2,Lichtig_and_Lucas_2017_original_measurement
Actinemys_marmorata,UNM,47321,1.49,2.63,aquatic,UNM_47321,Actinemys_marmorata_UNM_47321,2.071428571,2,Lichtig_and_Lucas_2017_original_measurement
Agrionemys_horsfeldii,UNM,45053,1.48,1.77,terrestrial,UNM_45053,Agrionemys_horsfeldii_UNM_45053,1.679245283,0,Lichtig_and_Lucas_2017_original_measurement
Apalone_mutica,UNM,4391,2.02,4.84,aquatic,UNM_4391,Apalone_mutica_UNM_4391,3.860465116,3,Lichtig_and_Lucas_2017_original_measurement
Apalone_mutica,UNM,60767,2.3,4.09,aquatic,UNM_60767,Apalone_mutica_UNM_60767,3.484848485,3,Lichtig_and_Lucas_2017_original_measurement
Apalone_mutica,UNM,4389,2.22,5.32,aquatic,UNM_4389,Apalone_mutica_UNM_4389,4.290322581,3,Lichtig_and_Lucas_2017_original_measurement
Apalone_mutica,UNM,42171,2.08,4.4,aquatic,UNM_42171,Apalone_mutica_UNM_42171,3.339622642,3,Lichtig_and_Lucas_2017_original_measurement
Apalone_mutica,UNM,890890,2.03,4.78,aquatic,UNM_890890,Apalone_mutica_UNM_890890,3.6875,3,Lichtig_and_Lucas_2017_original_measurement
Apalone_mutica,UNM,42641,2.22,3.58,aquatic,UNM_42641,Apalone_mutica_UNM_42641,3,3,Lichtig_and_Lucas_2017_original_measurement
Apalone_mutica,UNM,22101,2.26,5.37,aquatic,UNM_22101,Apalone_mutica_UNM_22101,4.518518519,3,Lichtig_and_Lucas_2017_original_measurement
Apalone_mutica,UNM,42287,2.03,5.06,aquatic,UNM_42287,Apalone_mutica_UNM_42287,4.171428571,3,Lichtig_and_Lucas_2017_original_measurement
Apalone_mutica,UNM,36893,2.27,4.86,aquatic,UNM_36893,Apalone_mutica_UNM_36893,3.828571429,3,Lichtig_and_Lucas_2017_original_measurement
Apalone_mutica,UNM,45352,2.66,6.31,aquatic,UNM_45352,Apalone_mutica_UNM_45352,5.611111111,3,Lichtig_and_Lucas_2017_original_measurement
Apalone_spinifera,UNM,25646,2.46,4.36,aquatic,UNM_25646,Apalone_spinifera_UNM_25646,3.694444444,3,Lichtig_and_Lucas_2017_original_measurement
Apalone_spinifera,UNM,39173,2.11,4.28,aquatic,UNM_39173,Apalone_spinifera_UNM_39173,3.275,3,Lichtig_and_Lucas_2017_original_measurement
Apalone_spinifera,UNM,12538,2.13,4.2,aquatic,UNM_12538,Apalone_spinifera_UNM_12538,3.25,3,Lichtig_and_Lucas_2017_original_measurement
Apalone_spinifera,UNM,15562,2.05,4.79,aquatic,UNM_15562,Apalone_spinifera_UNM_15562,3.813953488,3,Lichtig_and_Lucas_2017_original_measurement
Apalone_spinifera,UNM,33574,2.34,4.65,aquatic,UNM_33574,Apalone_spinifera_UNM_33574,3.647058824,3,Lichtig_and_Lucas_2017_original_measurement
Apalone_spinifera,UNM,20546,2.38,4.86,aquatic,UNM_20546,Apalone_spinifera_UNM_20546,3.942857143,3,Lichtig_and_Lucas_2017_original_measurement
Apalone_spinifera,UNM,20486,1.99,4.76,aquatic,UNM_20486,Apalone_spinifera_UNM_20486,3.547619048,3,Lichtig_and_Lucas_2017_original_measurement
Apalone_spinifera,UNM,39165,2.33,3.66,aquatic,UNM_39165,Apalone_spinifera_UNM_39165,2.754098361,3,Lichtig_and_Lucas_2017_original_measurement
Apalone_spinifera,UNM,23741,2.04,4.01,aquatic,UNM_23741,Apalone_spinifera_UNM_23741,3.217391304,3,Lichtig_and_Lucas_2017_original_measurement
Apalone_spinifera,UNM,7521,2.09,4.7,aquatic,UNM_7521,Apalone_spinifera_UNM_7521,3.622641509,3,Lichtig_and_Lucas_2017_original_measurement
Astrochelys_radiata,FLMNH,27386,1.45,1.55,terrestrial,FLMNH_27386,Astrochelys_radiata_FLMNH_27386,1.131578947,0,Lichtig_and_Lucas_2017_original_measurement
Astrochelys_yniphora,FLMNH,58390,1.74,1.68,terrestrial,FLMNH_58390,Astrochelys_yniphora_FLMNH_58390,1.213333333,0,Lichtig_and_Lucas_2017_original_measurement
Basilemys_gaffneyi,USNM,11084,1.45,1.57,fossil,USNM_11084,Basilemys_gaffneyi_USNM_11084,1.01,unknown,Lichtig_and_Lucas_2017_original_measurement
Basilemys_morrinensis,CMN,57059,1.64,4.26,fossil,CMN_57059,Basilemys_morrinensis_CMN_57059,3.32,unknown,new_measurement_this_study
Batagur_affinis,USNM,579879,2.21,2.23,aquatic,USNM_579879,Batagur_affinis_USNM_579879,1.8,3,Lichtig_and_Lucas_2017_original_measurement
Batagur_baska,USNM,108985,1.9,2.01,aquatic,USNM_108985,Batagur_baska_USNM_108985,1.434108527,3,Lichtig_and_Lucas_2017_original_measurement
Batagur_borneoensis,FLMNH,151697,1.87,2,aquatic,FLMNH_151697,Batagur_borneoensis_FLMNH_151697,1.519607843,3,Lichtig_and_Lucas_2017_original_measurement
Batagur_borneoensis,USNM,38077,2.1,2.6,aquatic,USNM_38077,Batagur_borneoensis_USNM_38077,2.142857143,3,Lichtig_and_Lucas_2017_original_measurement
Carettochelys_insculpta,UTA_R,63590,1.58,2.78,aquatic,UTA_R_63590,Carettochelys_insculpta_UTA_R_63590,2.888888889,4,Lichtig_and_Lucas_2017_original_measurement
Carettochelys_insculpta,UTA_R,29985,1.23,2.83,aquatic,UTA_R_29985,Carettochelys_insculpta_UTA_R_29985,2.388888889,4,Lichtig_and_Lucas_2017_original_measurement
Carettochelys_insculpta,UTA_R,29986,1.19,2.88,aquatic,UTA_R_29986,Carettochelys_insculpta_UTA_R_29986,2.235294118,4,Lichtig_and_Lucas_2017_original_measurement
Chelodina_longicollis,FLMNH,78334,1.8,2.65,aquatic,FLMNH_78334,Chelodina_longicollis_FLMNH_78334,2.045101089,3,Lichtig_and_Lucas_2017_original_measurement
Chelonia_mydas,Unknown,Unknown,3.5,2.7,aquatic,Unknown_Unknown,Chelonia_mydas_Unknown_Unknown,NA,4,Lichtig_and_Lucas_2017_original_measurement
Chelonia_mydas,YPM,VZ018243,3.81,3.24,aquatic,YPM_VZ018243,Chelonia_mydas_YPM_VZ018243,2.6,4,new_measurement_this_study
Chelonia_mydas,SMF,73551,2.7,3.6,aquatic,SMF_73551,Chelonia_mydas_SMF_73551,2.89,4,new_measurement_this_study
Chelonoidis_carbonaria,FLMNH,42540,1.41,2.28,terrestrial,FLMNH_42540,Chelonoidis_carbonaria_FLMNH_42540,1.468085106,0,Lichtig_and_Lucas_2017_original_measurement
Chelonoidis_carbonaria,FLMNH,33595,1.56,1.87,terrestrial,FLMNH_33595,Chelonoidis_carbonaria_FLMNH_33595,1.203090508,0,Lichtig_and_Lucas_2017_original_measurement
Chelonoidis_carbonaria,UNM,37727,1.57,2.01,terrestrial,UNM_37727,Chelonoidis_carbonaria_UNM_37727,1.333333333,0,Lichtig_and_Lucas_2017_original_measurement
Chelonoidis_carbonaria,USNM,5194,1.63,2.13,terrestrial,USNM_5194,Chelonoidis_carbonaria_USNM_5194,1.388059701,0,Lichtig_and_Lucas_2017_original_measurement
Chelonoidis_chilensis,USNM,129248,1.66,2.12,terrestrial,USNM_129248,Chelonoidis_chilensis_USNM_129248,1.661538462,0,Lichtig_and_Lucas_2017_original_measurement
Chelonoidis_chilensis,USNM,129250,1.65,2.2,terrestrial,USNM_129250,Chelonoidis_chilensis_USNM_129250,1.888888889,0,Lichtig_and_Lucas_2017_original_measurement
Chelonoidis_denticulata,FLMNH,33673,1.52,2.35,terrestrial,FLMNH_33673,Chelonoidis_denticulata_FLMNH_33673,1.514121339,0,Lichtig_and_Lucas_2017_original_measurement
Chelonoidis_denticulata,USNM,65664,1.43,2.06,terrestrial,USNM_65664,Chelonoidis_denticulata_USNM_65664,1.465909091,0,Lichtig_and_Lucas_2017_original_measurement
Chelonoidis_denticulata,USNM,65665,1.45,2.11,terrestrial,USNM_65665,Chelonoidis_denticulata_USNM_65665,1.392156863,0,Lichtig_and_Lucas_2017_original_measurement
Chelonoidis_nigra,FLMNH,20638,1.8,1.78,terrestrial,FLMNH_20638,Chelonoidis_nigra_FLMNH_20638,1.52733119,0,Lichtig_and_Lucas_2017_original_measurement
Chelydra_serpentina,UNM,15614,2.89,3.81,aquatic,UNM_15614,Chelydra_serpentina_UNM_15614,3.352941176,2,Lichtig_and_Lucas_2017_original_measurement
Chelydra_serpentina,UNM,15616,2.89,2.79,aquatic,UNM_15616,Chelydra_serpentina_UNM_15616,2.457943925,2,Lichtig_and_Lucas_2017_original_measurement
Chelydra_serpentina,FLMNH,21913,3.57,3.25,aquatic,FLMNH_21913,Chelydra_serpentina_FLMNH_21913,2.828333333,2,Lichtig_and_Lucas_2017_original_measurement
Chelydra_serpentina,UNM,15617,3.61,3.04,aquatic,UNM_15617,Chelydra_serpentina_UNM_15617,2.453608247,2,Lichtig_and_Lucas_2017_original_measurement
Chelydra_serpentina,UNM,15615,3.17,2.66,aquatic,UNM_15615,Chelydra_serpentina_UNM_15615,2.215053763,2,Lichtig_and_Lucas_2017_original_measurement
Chelydra_serpentina,UNM,16460,3.72,2.69,aquatic,UNM_16460,Chelydra_serpentina_UNM_16460,2.457627119,2,Lichtig_and_Lucas_2017_original_measurement
Chelydra_serpentina,UNM,17199,3.65,2.78,aquatic,UNM_17199,Chelydra_serpentina_UNM_17199,2.375,2,Lichtig_and_Lucas_2017_original_measurement
Chelydra_serpentina,UNM,3091,3.01,3.11,aquatic,UNM_3091,Chelydra_serpentina_UNM_3091,2.632911392,2,Lichtig_and_Lucas_2017_original_measurement
Chrysemys_picta,UNM,2904,1.65,2.6,aquatic,UNM_2904,Chrysemys_picta_UNM_2904,2.087719298,2,Lichtig_and_Lucas_2017_original_measurement
Clemmys_guttata,FLMNH,154363,1.42,2.7,aquatic,FLMNH_154363,Clemmys_guttata_FLMNH_154363,2.017811705,1,Lichtig_and_Lucas_2017_original_measurement
Clemmys_guttata,FLMNH,14650,1.43,2.89,aquatic,FLMNH_14650,Clemmys_guttata_FLMNH_14650,2.2625,1,Lichtig_and_Lucas_2017_original_measurement
Cuora_amboinensis,UNM,41519,1.57,2.34,aquatic,UNM_41519,Cuora_amboinensis_UNM_41519,1.915254237,2,Lichtig_and_Lucas_2017_original_measurement
Cuora_amboinensis,FLMNH,99960,1.5,2.18,aquatic,FLMNH_99960,Cuora_amboinensis_FLMNH_99960,1.543345543,2,Lichtig_and_Lucas_2017_original_measurement
Cuora_amboinensis,FLMNH,99961,1.43,2.54,aquatic,FLMNH_99961,Cuora_amboinensis_FLMNH_99961,1.834231806,2,Lichtig_and_Lucas_2017_original_measurement
Cuora_amboinensis,FLMNH,153867,1.58,2.12,aquatic,FLMNH_153867,Cuora_amboinensis_FLMNH_153867,1.802110818,2,Lichtig_and_Lucas_2017_original_measurement
Cuora_amboinensis,FLMNH,153865,1.47,1.92,aquatic,FLMNH_153865,Cuora_amboinensis_FLMNH_153865,1.612765957,2,Lichtig_and_Lucas_2017_original_measurement
Cuora_amboinensis,FLMNH,153866,1.62,2.05,aquatic,FLMNH_153866,Cuora_amboinensis_FLMNH_153866,1.794554455,2,Lichtig_and_Lucas_2017_original_measurement
Cuora_amboinensis,UNM,41519_duplicated,1.55,2.57,aquatic,UNM_41519_duplicated,Cuora_amboinensis_UNM_41519_duplicated,2.092592593,2,Lichtig_and_Lucas_2017_original_measurement
Cuora_amboinensis,USNM,104334,1.44,2.87,aquatic,USNM_104334,Cuora_amboinensis_USNM_104334,2.033333333,2,Lichtig_and_Lucas_2017_original_measurement
Cuora_aurocapitata,FLMNH,78128,1.3,2.88,aquatic,FLMNH_78128,Cuora_aurocapitata_FLMNH_78128,1.965116279,2,Lichtig_and_Lucas_2017_original_measurement
Cuora_galbinifrons,FLMNH,78570,1.26,2.04,terrestrial,FLMNH_78570,Cuora_galbinifrons_FLMNH_78570,1.553509781,1,Lichtig_and_Lucas_2017_original_measurement
Cuora_galbinifrons,FLMNH,78571,1.29,2.5,terrestrial,FLMNH_78571,Cuora_galbinifrons_FLMNH_78571,2.058219178,1,Lichtig_and_Lucas_2017_original_measurement
Cuora_galbinifrons,FLMNH,152474,1.24,2.32,terrestrial,FLMNH_152474,Cuora_galbinifrons_FLMNH_152474,1.724039829,1,Lichtig_and_Lucas_2017_original_measurement
Cuora_galbinifrons,FLMNH,152473,1.29,1.9,terrestrial,FLMNH_152473,Cuora_galbinifrons_FLMNH_152473,1.43233945,1,Lichtig_and_Lucas_2017_original_measurement
Cuora_mouhotii,FLMNH,67485,1.44,2.71,terrestrial,FLMNH_67485,Cuora_mouhotii_FLMNH_67485,1.847036329,1,Lichtig_and_Lucas_2017_original_measurement
Cuora_mouhotii,FLMNH,45243,1.42,2.27,terrestrial,FLMNH_45243,Cuora_mouhotii_FLMNH_45243,1.953436807,1,Lichtig_and_Lucas_2017_original_measurement
Cuora_pani,FLMNH,78123,1.39,2.81,aquatic,FLMNH_78123,Cuora_pani_FLMNH_78123,2.165938865,2,Lichtig_and_Lucas_2017_original_measurement
Cuora_pani,FLMNH,78124,1.34,2.75,aquatic,FLMNH_78124,Cuora_pani_FLMNH_78124,2.203921569,2,Lichtig_and_Lucas_2017_original_measurement
Cuora_trifasciata,FLMNH,103395,1.29,2.76,aquatic,FLMNH_103395,Cuora_trifasciata_FLMNH_103395,1.951195219,2,Lichtig_and_Lucas_2017_original_measurement
Cuora_zhoui,FLMNH,84979,1.25,2.78,terrestrial,FLMNH_84979,Cuora_zhoui_FLMNH_84979,1.955172414,1,Lichtig_and_Lucas_2017_original_measurement
Cuora_zhoui,FLMNH,78752,1.32,2.74,terrestrial,FLMNH_78752,Cuora_zhoui_FLMNH_78752,2.080074488,1,Lichtig_and_Lucas_2017_original_measurement
Cuora_zhoui,FLMNH,103397,1.3,2.83,terrestrial,FLMNH_103397,Cuora_zhoui_FLMNH_103397,2.13003663,1,Lichtig_and_Lucas_2017_original_measurement
Cuora_zhoui,FLMNH,84978,1.24,2.58,terrestrial,FLMNH_84978,Cuora_zhoui_FLMNH_84978,1.941680961,1,Lichtig_and_Lucas_2017_original_measurement
Dermatemys_mawii,MPM,8283,2.55,2.41,aquatic,MPM_8283,Dermatemys_mawii_MPM_8283,2,2,Lichtig_and_Lucas_2017_original_measurement
Dermatemys_mawii,USNM,6521,1.84,3.08,aquatic,USNM_6521,Dermatemys_mawii_USNM_6521,2.060606061,2,Lichtig_and_Lucas_2017_original_measurement
Dermatemys_mawii,USNM,6522,1.88,2.76,aquatic,USNM_6522,Dermatemys_mawii_USNM_6522,1.863945578,2,Lichtig_and_Lucas_2017_original_measurement
Emydoidea_blandingii,FLMNH,18931,1.29,2.74,aquatic,FLMNH_18931,Emydoidea_blandingii_FLMNH_18931,1.818181818,1,Lichtig_and_Lucas_2017_original_measurement
Emydoidea_blandingii,FLMNH,150393,1.25,2.61,aquatic,FLMNH_150393,Emydoidea_blandingii_FLMNH_150393,1.843304843,1,Lichtig_and_Lucas_2017_original_measurement
Emydoidea_blandingii,MPM,1680,1.43,2.28,aquatic,MPM_1680,Emydoidea_blandingii_MPM_1680,1.698113208,1,Lichtig_and_Lucas_2017_original_measurement
Emydoidea_blandingii,MPM,24396,1.52,2.43,aquatic,MPM_24396,Emydoidea_blandingii_MPM_24396,2,1,Lichtig_and_Lucas_2017_original_measurement
Eretmochelys_imbricata,Unknown,Unknown,2.8,3.2,aquatic,Unknown_Unknown,Eretmochelys_imbricata_Unknown_Unknown,NA,4,Lichtig_and_Lucas_2017_original_measurement
Eretmochelys_imbricata,SMF,36067,3.47,4.42,aquatic,SMF_36067,Eretmochelys_imbricata_SMF_36067,3.35,4,new_measurement_this_study
Eretmochelys_imbricata,SMF,unnumbered,2.98,3.67,aquatic,SMF_unnumbered,Eretmochelys_imbricata_SMF_unnumbered,2.48,4,new_measurement_this_study
Geochelone_elegans,FLMNH,wa 439,1.42,1.64,terrestrial,FLMNH_wa 439,Geochelone_elegans_FLMNH_wa 439,1.179057592,0,Lichtig_and_Lucas_2017_original_measurement
Geochelone_elegans,MPM,3134,1.65,1.63,terrestrial,MPM_3134,Geochelone_elegans_MPM_3134,1.245614035,0,Lichtig_and_Lucas_2017_original_measurement
Glyptemys_insculpta,MPM,26351,1.64,2.76,terrestrial,MPM_26351,Glyptemys_insculpta_MPM_26351,2.379310345,1,Lichtig_and_Lucas_2017_original_measurement
Glyptemys_insculpta,MPM,1856,1.47,2.43,terrestrial,MPM_1856,Glyptemys_insculpta_MPM_1856,1.875,1,Lichtig_and_Lucas_2017_original_measurement
Glyptemys_insculpta,USNM,23328,1.37,2.65,terrestrial,USNM_23328,Glyptemys_insculpta_USNM_23328,1.6875,1,Lichtig_and_Lucas_2017_original_measurement
Glyptemys_insculpta,USNM,23327,1.38,2.61,terrestrial,USNM_23327,Glyptemys_insculpta_USNM_23327,1.859375,1,Lichtig_and_Lucas_2017_original_measurement
Glyptemys_insculpta,FLMNH,66435,1.54,2.58,terrestrial,FLMNH_66435,Glyptemys_insculpta_FLMNH_66435,1.991573034,1,Lichtig_and_Lucas_2017_original_measurement
Glyptemys_insculpta,FLMNH,62324,1.51,2.65,terrestrial,FLMNH_62324,Glyptemys_insculpta_FLMNH_62324,2.033333333,1,Lichtig_and_Lucas_2017_original_measurement
Glyptemys_muhlenbergii,FLMNH,152471,1.5,2.67,aquatic,FLMNH_152471,Glyptemys_muhlenbergii_FLMNH_152471,1.923728814,1,Lichtig_and_Lucas_2017_original_measurement
Glyptemys_muhlenbergii,FLMNH,154031,1.48,2.3,aquatic,FLMNH_154031,Glyptemys_muhlenbergii_FLMNH_154031,1.72,1,Lichtig_and_Lucas_2017_original_measurement
Glyptemys_muhlenbergii,UNM,30487,1.39,2.05,aquatic,UNM_30487,Glyptemys_muhlenbergii_UNM_30487,1.6,1,Lichtig_and_Lucas_2017_original_measurement
Gopherus_agassizii,UNM,41449,1.57,2.22,terrestrial,UNM_41449,Gopherus_agassizii_UNM_41449,1.755813953,0,Lichtig_and_Lucas_2017_original_measurement
Gopherus_agassizii,UNM,41491,1.63,2.07,terrestrial,UNM_41491,Gopherus_agassizii_UNM_41491,1.694736842,0,Lichtig_and_Lucas_2017_original_measurement
Gopherus_agassizii,UNM,41639,1.64,2.21,terrestrial,UNM_41639,Gopherus_agassizii_UNM_41639,1.724489796,0,Lichtig_and_Lucas_2017_original_measurement
Gopherus_agassizii,UNM,41640,1.64,2.18,terrestrial,UNM_41640,Gopherus_agassizii_UNM_41640,1.659793814,0,Lichtig_and_Lucas_2017_original_measurement
Gopherus_agassizii,UNM,49528,1.4,2.28,terrestrial,UNM_49528,Gopherus_agassizii_UNM_49528,1.519230769,0,Lichtig_and_Lucas_2017_original_measurement
Gopherus_agassizii,FLMNH,152466,1.63,2.04,terrestrial,FLMNH_152466,Gopherus_agassizii_FLMNH_152466,1.62919708,0,Lichtig_and_Lucas_2017_original_measurement
Gopherus_berlandieri,FLMNH,62106,1.79,2.35,terrestrial,FLMNH_62106,Gopherus_berlandieri_FLMNH_62106,1.888311688,0,Lichtig_and_Lucas_2017_original_measurement
Gopherus_flavomarginatus,FLMNH,66329,1.6,1.85,terrestrial,FLMNH_66329,Gopherus_flavomarginatus_FLMNH_66329,1.599333333,0,Lichtig_and_Lucas_2017_original_measurement
Gopherus_polyphemus,FLMNH,141630,1.64,1.81,terrestrial,FLMNH_141630,Gopherus_polyphemus_FLMNH_141630,1.476770754,0,Lichtig_and_Lucas_2017_original_measurement
Graptemys_barbouri,FLMNH,155150,1.8,2.52,aquatic,FLMNH_155150,Graptemys_barbouri_FLMNH_155150,1.937229437,2,Lichtig_and_Lucas_2017_original_measurement
Graptemys_ernsti,FLMNH,6819,1.73,2.44,aquatic,FLMNH_6819,Graptemys_ernsti_FLMNH_6819,2.005102041,2,Lichtig_and_Lucas_2017_original_measurement
Graptemys_flavimaculata,FLMNH,75018,1.76,2.28,aquatic,FLMNH_75018,Graptemys_flavimaculata_FLMNH_75018,1.940803383,2,Lichtig_and_Lucas_2017_original_measurement
Graptemys_geographica,USNM,17612,1.74,2.87,aquatic,USNM_17612,Graptemys_geographica_USNM_17612,2.4,2,Lichtig_and_Lucas_2017_original_measurement
Graptemys_nigrinoda,FLMNH,62543,1.93,2.68,aquatic,FLMNH_62543,Graptemys_nigrinoda_FLMNH_62543,2.347058824,2,Lichtig_and_Lucas_2017_original_measurement
Graptemys_pseudogeographica,MPM,6828,1.9,2.67,aquatic,MPM_6828,Graptemys_psuedogeographica_MPM_6828,2.333333333,2,Lichtig_and_Lucas_2017_original_measurement
Graptemys_versa,UNM,42480,1.76,2.36,aquatic,UNM_42480,Graptemys_versa_UNM_42480,1.901639344,2,Lichtig_and_Lucas_2017_original_measurement
Heosemys_depressa,FMNH,261565,1.46,3.07,terrestrial,FMNH_261565,Heosemys_depressa_FMNH_261565,2.228915663,1,Lichtig_and_Lucas_2017_original_measurement
Heosemys_depressa,FMNH,261566,1.43,2.92,terrestrial,FMNH_261566,Heosemys_depressa_FMNH_261566,2.035714286,1,Lichtig_and_Lucas_2017_original_measurement
Heosemys_spinosa,MPM,11960,1.82,2.13,terrestrial,MPM_11960,Heosemys_spinosa_MPM_11960,2.307692308,2,Lichtig_and_Lucas_2017_original_measurement
Homopus_areolatus,FLMNH,15501,1.68,2.24,terrestrial,FLMNH_15501,Homopus_areolatus_FLMNH_15501,1.815789474,0,Lichtig_and_Lucas_2017_original_measurement
Homopus_areolatus,USNM,39420,1.56,2.33,terrestrial,USNM_39420,Homopus_areolatus_USNM_39420,1.777777778,0,Lichtig_and_Lucas_2017_original_measurement
Homopus_boulengeri,USNM,162457,1.67,3.35,terrestrial,USNM_162457,Homopus_boulengeri_USNM_162457,2.391304348,0,Lichtig_and_Lucas_2017_original_measurement
Homopus_femoralis,USNM,39418,1.57,2.13,terrestrial,USNM_39418,Homopus_femoralis_USNM_39418,1.803278689,0,Lichtig_and_Lucas_2017_original_measurement
Homopus_signatus,USNM,39419,1.49,2.43,terrestrial,USNM_39419,Homopus_signatus_USNM_39419,1.828571429,0,Lichtig_and_Lucas_2017_original_measurement
Indotestudo_forstenii,FLMNH,61556,1.44,1.2,terrestrial,FLMNH_61556,Indotestudo_forestenii_FLMNH_61556,0.874840358,0,Lichtig_and_Lucas_2017_original_measurement
Kinixys_belliana,UNM,37733,1.19,1.99,terrestrial,UNM_37733,Kinixys_belliana_UNM_37733,1.705128205,0,Lichtig_and_Lucas_2017_original_measurement
Kinixys_erosa,UNM,45054,1.34,2.14,terrestrial,UNM_45054,Kinixys_erosa_UNM_45054,1.464285714,0,Lichtig_and_Lucas_2017_original_measurement
Kinosternon_angustipons,MPM,16625,2.33,2.49,aquatic,MPM_16625,Kinosternon_angustipons_MPM_16625,1.627906977,2,Lichtig_and_Lucas_2017_original_measurement
Kinosternon_baurii,MPM,2608,1.76,2.52,aquatic,MPM_2608,Kinosternon_baurii_MPM_2608,1.888888889,2,Lichtig_and_Lucas_2017_original_measurement
Kinosternon_baurii,MPM,217,1.77,2.56,aquatic,MPM_217,Kinosternon_baurii_MPM_217,1.71875,2,Lichtig_and_Lucas_2017_original_measurement
Kinosternon_baurii,FLMNH,153896,1.7,2.33,aquatic,FLMNH_153896,Kinosternon_baurii_FLMNH_153896,1.545691906,2,Lichtig_and_Lucas_2017_original_measurement
Kinosternon_baurii,FLMNH,153897,1.78,2.32,aquatic,FLMNH_153897,Kinosternon_baurii_FLMNH_153897,1.538288288,2,Lichtig_and_Lucas_2017_original_measurement
Kinosternon_flavescens,UNM,38285,1.83,2.81,aquatic,UNM_38285,Kinosternon_flavescens_UNM_38285,2.095238095,2,Lichtig_and_Lucas_2017_original_measurement
Kinosternon_flavescens,UNM,38403,1.76,2.34,aquatic,UNM_38403,Kinosternon_flavescens_UNM_38403,1.872340426,2,Lichtig_and_Lucas_2017_original_measurement
Kinosternon_flavescens,UNM,71651,1.77,2.34,aquatic,UNM_71651,Kinosternon_flavescens_UNM_71651,1.886363636,2,Lichtig_and_Lucas_2017_original_measurement
Kinosternon_flavescens,UNM,55988,1.66,2.44,aquatic,UNM_55988,Kinosternon_flavescens_UNM_55988,1.902439024,2,Lichtig_and_Lucas_2017_original_measurement
Kinosternon_flavescens,UNM,38279,1.65,2.5,aquatic,UNM_38279,Kinosternon_flavescens_UNM_38279,1.869565217,2,Lichtig_and_Lucas_2017_original_measurement
Kinosternon_flavescens,UNM,38403_duplicated,1.71,2.4,aquatic,UNM_38403_duplicated,Kinosternon_flavescens_UNM_38403_duplicated,1.85106383,2,Lichtig_and_Lucas_2017_original_measurement
Kinosternon_flavescens,UNM,52138,1.88,2.64,aquatic,UNM_52138,Kinosternon_flavescens_UNM_52138,2.25,2,Lichtig_and_Lucas_2017_original_measurement
Kinosternon_flavescens,UNM,3249,1.67,2.51,aquatic,UNM_3249,Kinosternon_flavescens_UNM_3249,1.87755102,2,Lichtig_and_Lucas_2017_original_measurement
Kinosternon_scorpioides,FLMNH,153877,1.56,2.62,aquatic,FLMNH_153877,Kinosternon_scorpioides_cruentatum_FLMNH_153877,1.775609756,2,Lichtig_and_Lucas_2017_original_measurement
Kinosternon_sonoriense,UNM,20611,1.5,2.48,aquatic,UNM_20611,Kinosternon_sonoriense_UNM_20611,1.75,2,Lichtig_and_Lucas_2017_original_measurement
Kinosternon_subrubrum,FLMNH,153872,1.82,2.35,aquatic,FLMNH_153872,Kinosternon_subrubrum_subrubrum_FLMNH_153872,1.749295775,2,Lichtig_and_Lucas_2017_original_measurement
Kinosternon_subrubrum,FLMNH,61079,1.65,2.7,aquatic,FLMNH_61079,Kinosternon_subrubrum_subrubrum_FLMNH_61079,2.085889571,2,Lichtig_and_Lucas_2017_original_measurement
Macrochelys_temminckii,UNM,39623,3.29,2.27,aquatic,UNM_39623,Macrochelys_temminckii_UNM_39623,2.090909091,2,Lichtig_and_Lucas_2017_original_measurement
Macrochelys_temminckii,UNM,39624,3.36,2.4,aquatic,UNM_39624,Macrochelys_temminckii_UNM_39624,2.35,2,Lichtig_and_Lucas_2017_original_measurement
Macrochelys_temminckii,USNM,15284,3.33,3,aquatic,USNM_15284,Macrochelys_temminckii_USNM_15284,2.607843137,2,Lichtig_and_Lucas_2017_original_measurement
Macrochelys_temminckii,FLMNH,57967,2.75,3.1,aquatic,FLMNH_57967,Macrochelys_temminckii_FLMNH_57967,2.303030303,2,Lichtig_and_Lucas_2017_original_measurement
Malaclemys_terrapin,FLMNH,39422,1.65,2.53,aquatic,FLMNH_39422,Malaclemys_terrapin_FLMNH_39422,1.820408163,2,Lichtig_and_Lucas_2017_original_measurement
Malaclemys_terrapin,FLMNH,12681,1.69,2.16,aquatic,FLMNH_12681,Malaclemys_terrapin_FLMNH_12681,1.677852349,2,Lichtig_and_Lucas_2017_original_measurement
Malaclemys_terrapin,UNM,30492,1.66,2.44,aquatic,UNM_30492,Malaclemys_terrapin_UNM_30492,2,2,Lichtig_and_Lucas_2017_original_measurement
Malacochersus_tornieri,MSB,TC137,1.47,3.94,terrestrial,MSB_TC137,Malacochersus_tornieri_MSB_TC137,3.028571429,0,Lichtig_and_Lucas_2017_original_measurement
Malayemys_subtrijuga,USNM,23111,1.45,2.3,aquatic,USNM_23111,Malayemys_subtrijuga_USNM_23111,1.830188679,2,Lichtig_and_Lucas_2017_original_measurement
Malayemys_subtrijuga,USNM,79499,1.71,2.2,aquatic,USNM_79499,Malayemys_subtrijuga_USNM_79499,1.666666667,2,Lichtig_and_Lucas_2017_original_measurement
Manouria_emys,FLMNH,27470,1.42,2.6,terrestrial,FLMNH_27470,Manouria_emys_FLMNH_27470,2.072072072,0,Lichtig_and_Lucas_2017_original_measurement
Manouria_emys,FLMNH,134830,1.32,2.02,terrestrial,FLMNH_134830,Manouria_emys_FLMNH_134830,1.591695502,0,Lichtig_and_Lucas_2017_original_measurement
Mauremys_nigricans,FLMNH,150752,1.9,2.44,aquatic,FLMNH_150752,Mauremys_nigricans_FLMNH_150752,1.776965265,2,Lichtig_and_Lucas_2017_original_measurement
Mauremys_nigricans,FLMNH,76921,1.62,2.51,aquatic,FLMNH_76921,Mauremys_nigricans_FLMNH_76921,1.763374486,2,Lichtig_and_Lucas_2017_original_measurement
Mauremys_reevesii,USNM,82657,1.67,2.6,aquatic,USNM_82657,Mauremys_reevesii_USNM_82657,1.770833333,2,Lichtig_and_Lucas_2017_original_measurement
Meiolania_platyceps,Unknown,Unknown,2.54,2,fossil,Unknown_Unknown,Meiolania_platyceps_Unknown_Unknown,NA,unknown,Lichtig_and_Lucas_2017_original_measurement
Meiolania_platyceps,composite,reconstruction,2.3,2,fossil,composite_reconstruction,Meiolania_platyceps_composite_reconstruction,1.55,unknown,new_measurement_this_study
Mesoclemmys_gibba,FLMNH,56945,1.94,2.83,aquatic,FLMNH_56945,Mesoclemmys_gibba_FLMNH_56945,2.25308642,2,Lichtig_and_Lucas_2017_original_measurement
Mesoclemmys_nasuta,FLMNH,150928,1.8,3.37,aquatic,FLMNH_150928,Mesoclemmys_nasuta_FLMNH_150928,2.570460705,2,Lichtig_and_Lucas_2017_original_measurement
Mesoclemmys_tuberculata,USNM,94452,1.59,2.74,aquatic,USNM_94452,Mesoclemmys_tuberculata_USNM_94452,2.075471698,2,Lichtig_and_Lucas_2017_original_measurement
Pelomedusa_subrufa,FLMNH,153901,2.25,2.71,aquatic,FLMNH_153901,Pelomedusa_subrufa_FLMNH_153901,2.466257669,2,Lichtig_and_Lucas_2017_original_measurement
Pelomedusa_subrufa,FLMNH,153899,1.58,2.11,aquatic,FLMNH_153899,Pelomedusa_subrufa_FLMNH_153899,1.758426966,2,Lichtig_and_Lucas_2017_original_measurement
Pelomedusa_subrufa,USNM,85021,1.93,3.41,aquatic,USNM_85021,Pelomedusa_subrufa_USNM_85021,2.537037037,2,Lichtig_and_Lucas_2017_original_measurement
Pelomedusa_subrufa,USNM,279862,2.23,2.74,aquatic,USNM_279862,Pelomedusa_subrufa_USNM_279862,2.294117647,2,Lichtig_and_Lucas_2017_original_measurement
Pelomedusa_subrufa,USNM,63099,2.25,3.5,aquatic,USNM_63099,Pelomedusa_subrufa_USNM_63099,2.7,2,Lichtig_and_Lucas_2017_original_measurement
Pelusios_castaneus,FLMNH,67488,1.67,2.46,aquatic,FLMNH_67488,Pelusios_castaneus_FLMNH_67488,1.857142857,1,Lichtig_and_Lucas_2017_original_measurement
Platemys_platycephala,USNM,65663,1.42,3.64,aquatic,USNM_65663,Platemys_platycephala_USNM_65663,2.358974359,1,Lichtig_and_Lucas_2017_original_measurement
Platysternon_megacephalum,FLMNH,154242,1.76,3.66,aquatic,FLMNH_154242,Platysternon_megacephalum_FLMNH_154242,3.037204451,1,Lichtig_and_Lucas_2017_original_measurement
Podocnemis_expansa,USNM,65113,1.99,2.45,aquatic,USNM_65113,Podocnemis_expansa_USNM_65113,1.699421965,2,Lichtig_and_Lucas_2017_original_measurement
Podocnemis_lewyana,USNM,108580,2.12,3.04,aquatic,USNM_108580,Podocnemis_lewyana_USNM_108580,2.507042254,2,Lichtig_and_Lucas_2017_original_measurement
Podocnemis_sextuberculata,USNM,51979,2.33,2.86,aquatic,USNM_51979,Podocnemis_sextuberculata_USNM_51979,2.352272727,2,Lichtig_and_Lucas_2017_original_measurement
Podocnemis_sextuberculata,USNM,65111,2.3,2.66,aquatic,USNM_65111,Podocnemis_sextuberculata_USNM_65111,2.27027027,2,Lichtig_and_Lucas_2017_original_measurement
Podocnemis_unifilis,USNM,313861,2.12,2.43,aquatic,USNM_313861,Podocnemis_unifilis_USNM_313861,2.225,2,Lichtig_and_Lucas_2017_original_measurement
Proganochelys_quenstedti,Unknown,Unknown,2.1,2.1,fossil,Unknown_Unknown,Proganochelys_quenstedti_Unknown_Unknown,2.19,unknown,Lichtig_and_Lucas_2017_original_measurement
Proganochelys_quenstedti,SMNS,16980,1.84,2.6,fossil,SMNS_16980,Proganochelys_quenstedti_SMNS_16980,2.79,unknown,new_measurement_this_study
Proterochersis_robusta,Unknown,Unknown,1.94,1.39,fossil,Unknown_Unknown,Proterochersis_robusta_Unknown_Unknown,NA,unknown,Lichtig_and_Lucas_2017_original_measurement
Proterochersis_robusta,SMNS,17561_newly_measured,2.1,2,fossil,SMNS_17561_newly_measured,Proterochersis_robusta_SMNS_17561_newly_measured,1.86,unknown,new_measurement_this_study
Psammobates_geometricus,MPM,3081,1.71,2.06,terrestrial,MPM_3081,Psammobates_geometricus_MPM_3081,1.489361702,0,Lichtig_and_Lucas_2017_original_measurement
Pseudemys_texana,UNM,41220,1.69,2.55,aquatic,UNM_41220,Pseudemys_texana_UNM_41220,1.814516129,2,Lichtig_and_Lucas_2017_original_measurement
Psuedemys_gorzugi,UNM,57543,1.62,2.41,aquatic,UNM_57543,Psuedemys_gorzugi_UNM_57543,1.925531915,2,Lichtig_and_Lucas_2017_original_measurement
Rhinoclemmys_areolata,FLMNH,67524,1.56,2.41,terrestrial,FLMNH_67524,Rhinoclemmys_areolata_FLMNH_67524,2.035897436,1,Lichtig_and_Lucas_2017_original_measurement
Rhinoclemmys_areolata,MPM,16276,1.42,2.46,terrestrial,MPM_16276,Rhinoclemmys_areolata_MPM_16276,1.807692308,1,Lichtig_and_Lucas_2017_original_measurement
Rhinoclemmys_areolata,FLMNH,173148,1.56,2.55,terrestrial,FLMNH_173148,Rhinoclemmys_areolata_FLMNH_173148,1.951361868,1,Lichtig_and_Lucas_2017_original_measurement
Rhinoclemmys_funerea,USNM,14674,1.49,2.87,aquatic,USNM_14674,Rhinoclemmys_funerea_USNM_14674,1.988372093,2,Lichtig_and_Lucas_2017_original_measurement
Rhinoclemmys_funerea,USNM,14751,1.48,2.77,aquatic,USNM_14751,Rhinoclemmys_funerea_USNM_14751,1.91025641,2,Lichtig_and_Lucas_2017_original_measurement
Rhinoclemmys_funerea,USNM,14673,1.57,2.74,aquatic,USNM_14673,Rhinoclemmys_funerea_USNM_14673,1.9375,2,Lichtig_and_Lucas_2017_original_measurement
Rhinoclemmys_funerea,USNM,8270,1.58,2.47,aquatic,USNM_8270,Rhinoclemmys_funerea_USNM_8270,1.82,2,Lichtig_and_Lucas_2017_original_measurement
Rhinoclemmys_pulcherrima,FLMNH,88810,1.65,2.5,terrestrial,FLMNH_88810,Rhinoclemmys_pulcherrima_FLMNH_88810,2.20754717,1,Lichtig_and_Lucas_2017_original_measurement
Rhinoclemmys_pulcherrima,USNM,135981,1.68,2.56,terrestrial,USNM_135981,Rhinoclemmys_pulcherrima_USNM_135981,2.096153846,1,Lichtig_and_Lucas_2017_original_measurement
Rhinoclemmys_pulcherrima,USNM,104626,1.43,2.06,terrestrial,USNM_104626,Rhinoclemmys_pulcherrima_USNM_104626,1.540229885,1,Lichtig_and_Lucas_2017_original_measurement
Rhinoclemmys_rubida,FLMNH,47578,1.38,2.52,terrestrial,FLMNH_47578,Rhinoclemmys_rubida_FLMNH_47578,1.979104478,1,Lichtig_and_Lucas_2017_original_measurement
Rhinoclemmys_rubida,FLMNH,51411,1.38,2.38,terrestrial,FLMNH_51411,Rhinoclemmys_rubida_FLMNH_51411,1.965794769,1,Lichtig_and_Lucas_2017_original_measurement
Sternotherus_minor,MPM,197,2.4,2.21,aquatic,MPM_197,Sternotherus_minor_MPM_197,1.655172414,2,Lichtig_and_Lucas_2017_original_measurement
Sternotherus_odoratus,UNM,30496,2.63,2.36,aquatic,UNM_30496,Sternotherus_odoratus_UNM_30496,1.785714286,2,Lichtig_and_Lucas_2017_original_measurement
Sternotherus_odoratus,UNM,42384,2.14,2.44,aquatic,UNM_42384,Sternotherus_odoratus_UNM_42384,1.764705882,2,Lichtig_and_Lucas_2017_original_measurement
Sternotherus_odoratus,UNM,30494,2.39,2.18,aquatic,UNM_30494,Sternotherus_odoratus_UNM_30494,1.675,2,Lichtig_and_Lucas_2017_original_measurement
Sternotherus_odoratus,UNM,30493,2.21,2.47,aquatic,UNM_30493,Sternotherus_odoratus_UNM_30493,1.684210526,2,Lichtig_and_Lucas_2017_original_measurement
Sternotherus_odoratus,UNM,30495,2.27,2.09,aquatic,UNM_30495,Sternotherus_odoratus_UNM_30495,1.685714286,2,Lichtig_and_Lucas_2017_original_measurement
Stigmochelys_pardalis,FLMNH,19407,1.58,1.93,terrestrial,FLMNH_19407,Stigmochelys_pardalis_FLMNH_19407,1.336917563,0,Lichtig_and_Lucas_2017_original_measurement
Stigmochelys_pardalis,UNM,41268,1.52,1.51,terrestrial,UNM_41268,Stigmochelys_pardalis_UNM_41268,1.111111111,0,Lichtig_and_Lucas_2017_original_measurement
Stigmochelys_pardalis,MPM,3082,1.31,2.26,terrestrial,MPM_3082,Stigmochelys_pardalis_MPM_3082,1.441176471,0,Lichtig_and_Lucas_2017_original_measurement
Terrapene_carolina,UNM,38691,1.23,1.92,terrestrial,UNM_38691,Terrapene_carolina_UNM_38691,1.475409836,0,Lichtig_and_Lucas_2017_original_measurement
Terrapene_carolina,MPM,13271,1.22,1.98,terrestrial,MPM_13271,Terrapene_carolina_MPM_13271,1.490566038,0,Lichtig_and_Lucas_2017_original_measurement
Terrapene_carolina,MPM,13122,1.33,2.13,terrestrial,MPM_13122,Terrapene_carolina_MPM_13122,1.603773585,0,Lichtig_and_Lucas_2017_original_measurement
Terrapene_carolina,MPM,13270,1.32,1.92,terrestrial,MPM_13270,Terrapene_carolina_MPM_13270,1.516129032,0,Lichtig_and_Lucas_2017_original_measurement
Terrapene_carolina,UNM,37735,1.36,2.17,terrestrial,UNM_37735,Terrapene_carolina_major_UNM_37735,1.592105263,0,Lichtig_and_Lucas_2017_original_measurement
Terrapene_carolina,UNM,51468,1.39,2.29,terrestrial,UNM_51468,Terrapene_carolina_major_UNM_51468,1.694444444,0,Lichtig_and_Lucas_2017_original_measurement
Terrapene_carolina_triunguis,UNM,14295,1.31,1.86,terrestrial,UNM_14295,Terrapene_carolina_triuguis_UNM_14295,1.53125,0,Lichtig_and_Lucas_2017_original_measurement
Terrapene_carolina_triunguis,UNM,14295_duplicated,1.3,1.87,terrestrial,UNM_14295_duplicated,Terrapene_carolina_triuguis_UNM_14295_duplicated,1.612903226,0,Lichtig_and_Lucas_2017_original_measurement
Terrapene_coahuila,FLMNH,153982,1.34,2.12,aquatic,FLMNH_153982,Terrapene_coahuila_FLMNH_153982,1.446581197,1,Lichtig_and_Lucas_2017_original_measurement
Terrapene_coahuila,MPM,11110,1.23,2.08,aquatic,MPM_11110,Terrapene_coahuila_MPM_11110,1.423076923,1,Lichtig_and_Lucas_2017_original_measurement
Terrapene_ornata,UNM,61314,1.31,2.09,terrestrial,UNM_61314,Terrapene_ornata_UNM_61314,1.828571429,0,Lichtig_and_Lucas_2017_original_measurement
Terrapene_ornata,UNM,50000,1.38,2.02,terrestrial,UNM_50000,Terrapene_ornata_UNM_50000,1.903846154,0,Lichtig_and_Lucas_2017_original_measurement
Terrapene_ornata,UNM,52130,1.37,1.96,terrestrial,UNM_52130,Terrapene_ornata_UNM_52130,1.711538462,0,Lichtig_and_Lucas_2017_original_measurement
Testudo_graeca,FLMNH,23072,1.63,2.1,terrestrial,FLMNH_23072,Testudo_graeca_FLMNH_23072,1.531818182,0,Lichtig_and_Lucas_2017_original_measurement
Testudo_hermanni,FLMNH,62338,1.66,2.14,terrestrial,FLMNH_62338,Testudo_hermanni_FLMNH_62338,1.752711497,0,Lichtig_and_Lucas_2017_original_measurement
Trachemys_scripta,UNM,68120,1.65,2.51,aquatic,UNM_68120,Trachemys_scripta_UNM_68120,1.897058824,2,Lichtig_and_Lucas_2017_original_measurement
Trachemys_scripta,FLMNH,155219,1.68,2.39,aquatic,FLMNH_155219,Trachemys_scripta_FLMNH_155219,1.729411765,2,Lichtig_and_Lucas_2017_original_measurement
Basilemys_variolosa,CNM,8516,1.55,4.34,fossil,CNM_8516,Basilemys_variolosa_NMC_8516,4.2,unknown,new_measurement_this_study
Basilemys_variolosa,AMNH,5448,1.62,3.86,fossil,AMNH_5448,Basilemys_variolosa_AMNH_5448,2.82,unknown,new_measurement_this_study
Basilemys_sp,DMNS,EPV_103391-4891,1.63,4.33,fossil,DMNS_EPV_103391-4891,Basilemys_sp_DMNS_EPV_103391-4891,3.53,unknown,new_measurement_this_study
